<?xml version="1.0" encoding="UTF-8" standalone="no"?>
<project>
	<configuration id="0.2056004298.1497082229" name="ArmCC Cortex-M3">
		<extension point="org.eclipse.cdt.core.LanguageSettingsProvider">
			<provider copy-of="extension" id="org.eclipse.cdt.ui.UserLanguageSettingsProvider"/>
			<provider-reference id="org.eclipse.cdt.core.ReferencedProjectsLanguageSettingsProvider" ref="shared-provider"/>
			<provider-reference id="org.eclipse.cdt.managedbuilder.core.MBSLanguageSettingsProvider" ref="shared-provider"/>
			<provider class="org.eclipse.cdt.managedbuilder.language.settings.providers.GCCBuildCommandParser" id="org.eclipse.cdt.managedbuilder.core.GCCBuildCommandParser" keep-relative-paths="false" name="CDT GCC Build Output Parser" parameter="(.*gcc)|([gc]\+\+)|(clang)|(ArmCC)" prefer-non-shared="true" resource-scope="per-project" store-entries-with-project="true">
				<language id="org.eclipse.cdt.core.gcc">
					<resource project-relative-path="">
						<entry kind="includePath" name="/${ProjName}/libNsdl/src/include">
							<flag value="VALUE_WORKSPACE_PATH"/>
						</entry>
						<entry kind="includePath" name="/${ProjName}/libCoap/src/include">
							<flag value="VALUE_WORKSPACE_PATH"/>
						</entry>
						<entry kind="includePath" name="/libService/include">
							<flag value="VALUE_WORKSPACE_PATH|RESOLVED"/>
						</entry>
						<entry kind="includePath" name="/${ProjName}/include">
							<flag value="VALUE_WORKSPACE_PATH"/>
						</entry>
						<entry kind="macro" name="VERSION" value="&quot;2.0-release-77-g0f5d7bf-dirty&quot;"/>
					</resource>
					<resource project-relative-path="libList">
						<entry kind="includePath" name="/${ProjName}/include">
							<flag value="VALUE_WORKSPACE_PATH"/>
						</entry>
					</resource>
					<resource project-relative-path="randLIB">
						<entry kind="includePath" name="/${ProjName}/include">
							<flag value="VALUE_WORKSPACE_PATH"/>
						</entry>
					</resource>
					<resource project-relative-path="libX509_V3">
						<entry kind="includePath" name="/${ProjName}/include">
							<flag value="VALUE_WORKSPACE_PATH"/>
						</entry>
					</resource>
					<resource project-relative-path="libaes">
						<entry kind="includePath" name="/${ProjName}/include">
							<flag value="VALUE_WORKSPACE_PATH"/>
						</entry>
					</resource>
					<resource project-relative-path="nsdynmemLIB">
						<entry kind="includePath" name="/${ProjName}/include">
							<flag value="VALUE_WORKSPACE_PATH"/>
						</entry>
					</resource>
					<resource project-relative-path="CCM_lib">
						<entry kind="includePath" name="/${ProjName}/include">
							<flag value="VALUE_WORKSPACE_PATH"/>
						</entry>
					</resource>
					<resource project-relative-path="SHA256_Lib">
						<entry kind="includePath" name="/${ProjName}/include">
							<flag value="VALUE_WORKSPACE_PATH"/>
						</entry>
					</resource>
					<resource project-relative-path="IPv6_fcf_lib">
						<entry kind="includePath" name="/${ProjName}/include">
							<flag value="VALUE_WORKSPACE_PATH"/>
						</entry>
					</resource>
					<resource project-relative-path="libip6string">
						<entry kind="includePath" name="/${ProjName}/include">
							<flag value="VALUE_WORKSPACE_PATH"/>
						</entry>
					</resource>
					<resource project-relative-path="ECC_library/src">
						<entry kind="includePath" name="/${ProjName}/ECC_library">
							<flag value="VALUE_WORKSPACE_PATH"/>
						</entry>
						<entry kind="includePath" name="/${ProjName}/include">
							<flag value="VALUE_WORKSPACE_PATH"/>
						</entry>
					</resource>
					<resource project-relative-path="libNSTun">
						<entry kind="includePath" name="/${ProjName}/include">
							<flag value="VALUE_WORKSPACE_PATH"/>
						</entry>
					</resource>
				</language>
			</provider>
		</extension>
	</configuration>
	<configuration id="0.2056004298.1497082229.1854995973" name="ArmCC Cortex-M0">
		<extension point="org.eclipse.cdt.core.LanguageSettingsProvider">
			<provider copy-of="extension" id="org.eclipse.cdt.ui.UserLanguageSettingsProvider"/>
			<provider-reference id="org.eclipse.cdt.core.ReferencedProjectsLanguageSettingsProvider" ref="shared-provider"/>
			<provider-reference id="org.eclipse.cdt.managedbuilder.core.MBSLanguageSettingsProvider" ref="shared-provider"/>
			<provider class="org.eclipse.cdt.managedbuilder.language.settings.providers.GCCBuildCommandParser" id="org.eclipse.cdt.managedbuilder.core.GCCBuildCommandParser" keep-relative-paths="false" name="CDT GCC Build Output Parser" parameter="(.*gcc)|([gc]\+\+)|(clang)|(ArmCC)" prefer-non-shared="true" resource-scope="per-project" store-entries-with-project="true">
				<language id="org.eclipse.cdt.core.gcc">
					<resource project-relative-path="libList">
						<entry kind="includePath" name="/${ProjName}/include">
							<flag value="VALUE_WORKSPACE_PATH"/>
						</entry>
					</resource>
					<resource project-relative-path="">
						<entry kind="includePath" name="/${ProjName}/libNsdl/src/include">
							<flag value="VALUE_WORKSPACE_PATH"/>
						</entry>
						<entry kind="includePath" name="/${ProjName}/libCoap/src/include">
							<flag value="VALUE_WORKSPACE_PATH"/>
						</entry>
						<entry kind="includePath" name="/libService/include">
							<flag value="VALUE_WORKSPACE_PATH|RESOLVED"/>
						</entry>
						<entry kind="includePath" name="/${ProjName}/include">
							<flag value="VALUE_WORKSPACE_PATH"/>
						</entry>
						<entry kind="macro" name="VERSION" value="&quot;2.0-release-77-g0f5d7bf-dirty&quot;"/>
					</resource>
					<resource project-relative-path="randLIB">
						<entry kind="includePath" name="/${ProjName}/include">
							<flag value="VALUE_WORKSPACE_PATH"/>
						</entry>
					</resource>
					<resource project-relative-path="libX509_V3">
						<entry kind="includePath" name="/${ProjName}/include">
							<flag value="VALUE_WORKSPACE_PATH"/>
						</entry>
					</resource>
					<resource project-relative-path="libaes">
						<entry kind="includePath" name="/${ProjName}/include">
							<flag value="VALUE_WORKSPACE_PATH"/>
						</entry>
					</resource>
					<resource project-relative-path="nsdynmemLIB">
						<entry kind="includePath" name="/${ProjName}/include">
							<flag value="VALUE_WORKSPACE_PATH"/>
						</entry>
					</resource>
					<resource project-relative-path="SHA256_Lib">
						<entry kind="includePath" name="/${ProjName}/include">
							<flag value="VALUE_WORKSPACE_PATH"/>
						</entry>
					</resource>
					<resource project-relative-path="CCM_lib">
						<entry kind="includePath" name="/${ProjName}/include">
							<flag value="VALUE_WORKSPACE_PATH"/>
						</entry>
					</resource>
					<resource project-relative-path="libip6string">
						<entry kind="includePath" name="/${ProjName}/include">
							<flag value="VALUE_WORKSPACE_PATH"/>
						</entry>
					</resource>
					<resource project-relative-path="IPv6_fcf_lib">
						<entry kind="includePath" name="/${ProjName}/include">
							<flag value="VALUE_WORKSPACE_PATH"/>
						</entry>
					</resource>
					<resource project-relative-path="ECC_library/src">
						<entry kind="includePath" name="/${ProjName}/ECC_library">
							<flag value="VALUE_WORKSPACE_PATH"/>
						</entry>
						<entry kind="includePath" name="/${ProjName}/include">
							<flag value="VALUE_WORKSPACE_PATH"/>
						</entry>
					</resource>
					<resource project-relative-path="libNSTun">
						<entry kind="includePath" name="/${ProjName}/include">
							<flag value="VALUE_WORKSPACE_PATH"/>
						</entry>
					</resource>
				</language>
			</provider>
		</extension>
	</configuration>
	<configuration id="0.2056004298.141662914.2121498000.642060230.2118977701" name="GCC Cortex-M0">
		<extension point="org.eclipse.cdt.core.LanguageSettingsProvider">
			<provider copy-of="extension" id="org.eclipse.cdt.ui.UserLanguageSettingsProvider"/>
			<provider-reference id="org.eclipse.cdt.core.ReferencedProjectsLanguageSettingsProvider" ref="shared-provider"/>
			<provider-reference id="org.eclipse.cdt.managedbuilder.core.MBSLanguageSettingsProvider" ref="shared-provider"/>
			<provider class="org.eclipse.cdt.managedbuilder.language.settings.providers.GCCBuildCommandParser" id="org.eclipse.cdt.managedbuilder.core.GCCBuildCommandParser" keep-relative-paths="false" name="CDT GCC Build Output Parser" parameter="(.*gcc)|([gc]\+\+)|(clang)" prefer-non-shared="true" resource-scope="per-project" store-entries-with-project="true"/>
		</extension>
	</configuration>
	<configuration id="0.2056004298.141662914.2121498000.642060230.2118977701.1678729521" name="GCC Cortex-M3">
		<extension point="org.eclipse.cdt.core.LanguageSettingsProvider">
			<provider copy-of="extension" id="org.eclipse.cdt.ui.UserLanguageSettingsProvider"/>
			<provider-reference id="org.eclipse.cdt.core.ReferencedProjectsLanguageSettingsProvider" ref="shared-provider"/>
			<provider-reference id="org.eclipse.cdt.managedbuilder.core.MBSLanguageSettingsProvider" ref="shared-provider"/>
			<provider class="org.eclipse.cdt.managedbuilder.language.settings.providers.GCCBuildCommandParser" id="org.eclipse.cdt.managedbuilder.core.GCCBuildCommandParser" keep-relative-paths="false" name="CDT GCC Build Output Parser" parameter="(.*gcc)|([gc]\+\+)|(clang)" prefer-non-shared="true" resource-scope="per-project" store-entries-with-project="true"/>
		</extension>
	</configuration>
	<configuration id="0.2056004298.141662914.1517984773.801758434.1788862897.788959847" name="GCC Native">
		<extension point="org.eclipse.cdt.core.LanguageSettingsProvider">
			<provider copy-of="extension" id="org.eclipse.cdt.ui.UserLanguageSettingsProvider"/>
			<provider-reference id="org.eclipse.cdt.core.ReferencedProjectsLanguageSettingsProvider" ref="shared-provider"/>
			<provider-reference id="org.eclipse.cdt.managedbuilder.core.MBSLanguageSettingsProvider" ref="shared-provider"/>
			<provider class="org.eclipse.cdt.managedbuilder.language.settings.providers.GCCBuildCommandParser" id="org.eclipse.cdt.managedbuilder.core.GCCBuildCommandParser" keep-relative-paths="false" name="CDT GCC Build Output Parser" parameter="(gcc)|([gc]\+\+)|(clang)" prefer-non-shared="true" resource-scope="per-project"/>
		</extension>
	</configuration>
</project>
